,FFMC,DMC,DC,ISI,temp,RH,wind,rain,area,dayfri,daymon,daysat,daysun,daythu,daytue,daywed,monthapr,monthaug,monthdec,monthfeb,monthjan,monthjul,monthjun,monthmar,monthmay,monthnov,monthoct,monthsep,size_category
0,86.2,26.2,94.3,5.1,8.2,51,6.7,0.0,0.0,1,0,0,0,0,0,0,0,0,0,0,0,0,0,1,0,0,0,0,small
1,90.6,35.4,669.1,6.7,18.0,33,0.9,0.0,0.0,0,0,0,0,0,1,0,0,0,0,0,0,0,0,0,0,0,1,0,small
2,90.6,43.7,686.9,6.7,14.6,33,1.3,0.0,0.0,0,0,1,0,0,0,0,0,0,0,0,0,0,0,0,0,0,1,0,small
3,91.7,33.3,77.5,9.0,8.3,97,4.0,0.2,0.0,1,0,0,0,0,0,0,0,0,0,0,0,0,0,1,0,0,0,0,small
4,89.3,51.3,102.2,9.6,11.4,99,1.8,0.0,0.0,0,0,0,1,0,0,0,0,0,0,0,0,0,0,1,0,0,0,0,small
5,92.3,85.3,488.0,14.7,22.2,29,5.4,0.0,0.0,0,0,0,1,0,0,0,0,1,0,0,0,0,0,0,0,0,0,0,small
6,92.3,88.9,495.6,8.5,24.1,27,3.1,0.0,0.0,0,1,0,0,0,0,0,0,1,0,0,0,0,0,0,0,0,0,0,small
7,91.5,145.4,608.2,10.7,8.0,86,2.2,0.0,0.0,0,1,0,0,0,0,0,0,1,0,0,0,0,0,0,0,0,0,0,small
8,91.0,129.5,692.6,7.0,13.1,63,5.4,0.0,0.0,0,0,0,0,0,1,0,0,0,0,0,0,0,0,0,0,0,0,1,small
9,92.5,88.0,698.6,7.1,22.8,40,4.0,0.0,0.0,0,0,1,0,0,0,0,0,0,0,0,0,0,0,0,0,0,0,1,small
10,92.5,88.0,698.6,7.1,17.8,51,7.2,0.0,0.0,0,0,1,0,0,0,0,0,0,0,0,0,0,0,0,0,0,0,1,small
11,92.8,73.2,713.0,22.6,19.3,38,4.0,0.0,0.0,0,0,1,0,0,0,0,0,0,0,0,0,0,0,0,0,0,0,1,small
12,63.5,70.8,665.3,0.8,17.0,72,6.7,0.0,0.0,1,0,0,0,0,0,0,0,1,0,0,0,0,0,0,0,0,0,0,small
13,90.9,126.5,686.5,7.0,21.3,42,2.2,0.0,0.0,0,1,0,0,0,0,0,0,0,0,0,0,0,0,0,0,0,0,1,small
14,92.9,133.3,699.6,9.2,26.4,21,4.5,0.0,0.0,0,0,0,0,0,0,1,0,0,0,0,0,0,0,0,0,0,0,1,small
15,93.3,141.2,713.9,13.9,22.9,44,5.4,0.0,0.0,1,0,0,0,0,0,0,0,0,0,0,0,0,0,0,0,0,0,1,small
16,91.7,35.8,80.8,7.8,15.1,27,5.4,0.0,0.0,0,0,1,0,0,0,0,0,0,0,0,0,0,0,1,0,0,0,0,small
17,84.9,32.8,664.2,3.0,16.7,47,4.9,0.0,0.0,0,1,0,0,0,0,0,0,0,0,0,0,0,0,0,0,0,1,0,small
18,89.2,27.9,70.8,6.3,15.9,35,4.0,0.0,0.0,0,0,0,0,0,0,1,0,0,0,0,0,0,0,1,0,0,0,0,small
19,86.3,27.4,97.1,5.1,9.3,44,4.5,0.0,0.0,0,0,1,0,0,0,0,1,0,0,0,0,0,0,0,0,0,0,0,small
20,91.0,129.5,692.6,7.0,18.3,40,2.7,0.0,0.0,0,0,0,0,0,1,0,0,0,0,0,0,0,0,0,0,0,0,1,small
21,91.8,78.5,724.3,9.2,19.1,38,2.7,0.0,0.0,0,1,0,0,0,0,0,0,0,0,0,0,0,0,0,0,0,0,1,small
22,94.3,96.3,200.0,56.1,21.0,44,4.5,0.0,0.0,0,0,0,1,0,0,0,0,0,0,0,0,0,1,0,0,0,0,0,small
23,90.2,110.9,537.4,6.2,19.5,43,5.8,0.0,0.0,0,0,1,0,0,0,0,0,1,0,0,0,0,0,0,0,0,0,0,small
24,93.5,139.4,594.2,20.3,23.7,32,5.8,0.0,0.0,0,0,1,0,0,0,0,0,1,0,0,0,0,0,0,0,0,0,0,small
25,91.4,142.4,601.4,10.6,16.3,60,5.4,0.0,0.0,0,0,0,1,0,0,0,0,1,0,0,0,0,0,0,0,0,0,0,small
26,92.4,117.9,668.0,12.2,19.0,34,5.8,0.0,0.0,1,0,0,0,0,0,0,0,0,0,0,0,0,0,0,0,0,0,1,small
27,90.9,126.5,686.5,7.0,19.4,48,1.3,0.0,0.0,0,1,0,0,0,0,0,0,0,0,0,0,0,0,0,0,0,0,1,small
28,93.4,145.4,721.4,8.1,30.2,24,2.7,0.0,0.0,0,0,1,0,0,0,0,0,0,0,0,0,0,0,0,0,0,0,1,small
29,93.5,149.3,728.6,8.1,22.8,39,3.6,0.0,0.0,0,0,0,1,0,0,0,0,0,0,0,0,0,0,0,0,0,0,1,small
30,94.3,85.1,692.3,15.9,25.4,24,3.6,0.0,0.0,1,0,0,0,0,0,0,0,0,0,0,0,0,0,0,0,0,0,1,small
31,88.6,91.8,709.9,7.1,11.2,78,7.6,0.0,0.0,0,1,0,0,0,0,0,0,0,0,0,0,0,0,0,0,0,0,1,small
32,88.6,69.7,706.8,5.8,20.6,37,1.8,0.0,0.0,1,0,0,0,0,0,0,0,0,0,0,0,0,0,0,0,0,0,1,small
33,91.7,75.6,718.3,7.8,17.7,39,3.6,0.0,0.0,0,0,0,1,0,0,0,0,0,0,0,0,0,0,0,0,0,0,1,small
34,91.8,78.5,724.3,9.2,21.2,32,2.7,0.0,0.0,0,1,0,0,0,0,0,0,0,0,0,0,0,0,0,0,0,0,1,small
35,90.3,80.7,730.2,6.3,18.2,62,4.5,0.0,0.0,0,0,0,0,0,1,0,0,0,0,0,0,0,0,0,0,0,0,1,small
36,90.6,35.4,669.1,6.7,21.7,24,4.5,0.0,0.0,0,0,0,0,0,1,0,0,0,0,0,0,0,0,0,0,0,1,0,small
37,90.0,41.5,682.6,8.7,11.3,60,5.4,0.0,0.0,1,0,0,0,0,0,0,0,0,0,0,0,0,0,0,0,0,1,0,small
38,90.6,43.7,686.9,6.7,17.8,27,4.0,0.0,0.0,0,0,1,0,0,0,0,0,0,0,0,0,0,0,0,0,0,1,0,small
39,88.1,25.7,67.6,3.8,14.1,43,2.7,0.0,0.0,0,0,0,0,0,1,0,0,0,0,0,0,0,0,1,0,0,0,0,small
40,79.5,60.6,366.7,1.5,23.3,37,3.1,0.0,0.0,0,0,0,0,0,1,0,0,0,0,0,0,1,0,0,0,0,0,0,small
41,90.2,96.9,624.2,8.9,18.4,42,6.7,0.0,0.0,0,0,1,0,0,0,0,0,1,0,0,0,0,0,0,0,0,0,0,small
42,94.8,108.3,647.1,17.0,16.6,54,5.4,0.0,0.0,0,0,0,0,0,1,0,0,1,0,0,0,0,0,0,0,0,0,0,small
43,92.5,88.0,698.6,7.1,19.6,48,2.7,0.0,0.0,0,0,1,0,0,0,0,0,0,0,0,0,0,0,0,0,0,0,1,small
44,90.1,82.9,735.7,6.2,12.9,74,4.9,0.0,0.0,0,0,0,0,0,0,1,0,0,0,0,0,0,0,0,0,0,0,1,small
45,94.3,85.1,692.3,15.9,25.9,24,4.0,0.0,0.0,0,0,0,0,0,0,1,0,0,0,0,0,0,0,0,0,0,0,1,small
46,90.9,126.5,686.5,7.0,14.7,70,3.6,0.0,0.0,0,1,0,0,0,0,0,0,0,0,0,0,0,0,0,0,0,0,1,small
47,94.2,62.3,442.9,11.0,23.0,36,3.1,0.0,0.0,0,1,0,0,0,0,0,0,0,0,0,0,1,0,0,0,0,0,0,small
48,87.2,23.9,64.7,4.1,11.8,35,1.8,0.0,0.0,0,1,0,0,0,0,0,0,0,0,0,0,0,0,1,0,0,0,0,small
49,87.6,52.2,103.8,5.0,11.0,46,5.8,0.0,0.0,0,1,0,0,0,0,0,0,0,0,0,0,0,0,1,0,0,0,0,small
50,92.9,137.0,706.4,9.2,20.8,17,1.3,0.0,0.0,0,0,0,0,1,0,0,0,0,0,0,0,0,0,0,0,0,0,1,small
51,90.2,99.6,631.2,6.3,21.5,34,2.2,0.0,0.0,0,0,0,1,0,0,0,0,1,0,0,0,0,0,0,0,0,0,0,small
52,92.1,111.2,654.1,9.6,20.4,42,4.9,0.0,0.0,0,0,0,0,0,0,1,0,1,0,0,0,0,0,0,0,0,0,0,small
53,92.1,111.2,654.1,9.6,20.4,42,4.9,0.0,0.0,0,0,0,0,0,0,1,0,1,0,0,0,0,0,0,0,0,0,0,small
54,91.7,114.3,661.3,6.3,17.6,45,3.6,0.0,0.0,0,0,0,0,1,0,0,0,1,0,0,0,0,0,0,0,0,0,0,small
55,92.9,137.0,706.4,9.2,27.7,24,2.2,0.0,0.0,0,0,0,0,1,0,0,0,0,0,0,0,0,0,0,0,0,0,1,small
56,90.3,80.7,730.2,6.3,17.8,63,4.9,0.0,0.0,0,0,0,0,0,1,0,0,0,0,0,0,0,0,0,0,0,0,1,small
57,92.6,46.5,691.8,8.8,13.8,50,2.7,0.0,0.0,0,0,0,1,0,0,0,0,0,0,0,0,0,0,0,0,0,1,0,small
58,84.0,9.3,34.0,2.1,13.9,40,5.4,0.0,0.0,0,1,0,0,0,0,0,0,0,0,1,0,0,0,0,0,0,0,0,small
59,86.6,13.2,43.0,5.3,12.3,51,0.9,0.0,0.0,1,0,0,0,0,0,0,0,0,0,1,0,0,0,0,0,0,0,0,small
60,89.3,51.3,102.2,9.6,11.5,39,5.8,0.0,0.0,0,0,0,1,0,0,0,0,0,0,0,0,0,0,1,0,0,0,0,small
61,89.3,51.3,102.2,9.6,5.5,59,6.3,0.0,0.0,0,0,0,1,0,0,0,0,0,0,0,0,0,0,1,0,0,0,0,small
62,93.0,75.3,466.6,7.7,18.8,35,4.9,0.0,0.0,0,0,0,0,1,0,0,0,1,0,0,0,0,0,0,0,0,0,0,small
63,90.2,99.6,631.2,6.3,20.8,33,2.7,0.0,0.0,0,0,0,1,0,0,0,0,1,0,0,0,0,0,0,0,0,0,0,small
64,91.1,103.2,638.8,5.8,23.1,31,3.1,0.0,0.0,0,1,0,0,0,0,0,0,1,0,0,0,0,0,0,0,0,0,0,small
65,91.7,114.3,661.3,6.3,18.6,44,4.5,0.0,0.0,0,0,0,0,1,0,0,0,1,0,0,0,0,0,0,0,0,0,0,small
66,92.4,117.9,668.0,12.2,23.0,37,4.5,0.0,0.0,1,0,0,0,0,0,0,0,0,0,0,0,0,0,0,0,0,0,1,small
67,92.4,117.9,668.0,12.2,19.6,33,5.4,0.0,0.0,1,0,0,0,0,0,0,0,0,0,0,0,0,0,0,0,0,0,1,small
68,92.4,117.9,668.0,12.2,19.6,33,6.3,0.0,0.0,1,0,0,0,0,0,0,0,0,0,0,0,0,0,0,0,0,0,1,small
69,91.7,33.3,77.5,9.0,17.2,26,4.5,0.0,0.0,1,0,0,0,0,0,0,0,0,0,0,0,0,0,1,0,0,0,0,small
70,91.2,48.3,97.8,12.5,15.8,27,7.6,0.0,0.0,1,0,0,0,0,0,0,0,0,0,0,0,0,0,1,0,0,0,0,small
71,94.3,85.1,692.3,15.9,17.7,37,3.6,0.0,0.0,1,0,0,0,0,0,0,0,0,0,0,0,0,0,0,0,0,0,1,small
72,91.7,33.3,77.5,9.0,15.6,25,6.3,0.0,0.0,1,0,0,0,0,0,0,0,0,0,0,0,0,0,1,0,0,0,0,small
73,88.8,147.3,614.5,9.0,17.3,43,4.5,0.0,0.0,0,0,0,0,0,1,0,0,1,0,0,0,0,0,0,0,0,0,0,small
74,93.3,141.2,713.9,13.9,27.6,30,1.3,0.0,0.0,1,0,0,0,0,0,0,0,0,0,0,0,0,0,0,0,0,0,1,small
75,84.2,6.8,26.6,7.7,6.7,79,3.1,0.0,0.0,0,0,0,0,1,0,0,0,0,0,1,0,0,0,0,0,0,0,0,small
76,86.6,13.2,43.0,5.3,15.7,43,3.1,0.0,0.0,1,0,0,0,0,0,0,0,0,0,1,0,0,0,0,0,0,0,0,small
77,87.6,52.2,103.8,5.0,8.3,72,3.1,0.0,0.0,0,1,0,0,0,0,0,0,0,0,0,0,0,0,1,0,0,0,0,small
78,90.1,108.0,529.8,12.5,14.7,66,2.7,0.0,0.0,1,0,0,0,0,0,0,0,1,0,0,0,0,0,0,0,0,0,0,small
79,91.0,121.2,561.6,7.0,21.6,19,6.7,0.0,0.0,0,0,0,0,0,1,0,0,1,0,0,0,0,0,0,0,0,0,0,small
80,91.4,142.4,601.4,10.6,19.5,39,6.3,0.0,0.0,0,0,0,1,0,0,0,0,1,0,0,0,0,0,0,0,0,0,0,small
81,90.2,99.6,631.2,6.3,17.9,44,2.2,0.0,0.0,0,0,0,1,0,0,0,0,1,0,0,0,0,0,0,0,0,0,0,small
82,94.8,108.3,647.1,17.0,18.6,51,4.5,0.0,0.0,0,0,0,0,0,1,0,0,1,0,0,0,0,0,0,0,0,0,0,small
83,92.1,111.2,654.1,9.6,16.6,47,0.9,0.0,0.0,0,0,0,0,0,0,1,0,1,0,0,0,0,0,0,0,0,0,0,small
84,91.7,114.3,661.3,6.3,20.2,45,3.6,0.0,0.0,0,0,0,0,1,0,0,0,1,0,0,0,0,0,0,0,0,0,0,small
85,92.9,137.0,706.4,9.2,21.5,15,0.9,0.0,0.0,0,0,0,0,1,0,0,0,0,0,0,0,0,0,0,0,0,0,1,small
86,92.9,137.0,706.4,9.2,25.4,27,2.2,0.0,0.0,0,0,0,0,1,0,0,0,0,0,0,0,0,0,0,0,0,0,1,small
87,92.9,137.0,706.4,9.2,22.4,34,2.2,0.0,0.0,0,0,0,0,1,0,0,0,0,0,0,0,0,0,0,0,0,0,1,small
88,93.5,149.3,728.6,8.1,25.3,36,3.6,0.0,0.0,0,0,0,1,0,0,0,0,0,0,0,0,0,0,0,0,0,0,1,small
89,91.7,35.8,80.8,7.8,17.4,25,4.9,0.0,0.0,0,0,1,0,0,0,0,0,0,0,0,0,0,0,1,0,0,0,0,small
90,90.2,96.9,624.2,8.9,14.7,59,5.8,0.0,0.0,0,0,1,0,0,0,0,0,1,0,0,0,0,0,0,0,0,0,0,small
91,91.7,35.8,80.8,7.8,17.4,24,5.4,0.0,0.0,1,0,0,0,0,0,0,0,0,0,0,0,0,0,1,0,0,0,0,small
92,92.3,85.3,488.0,14.7,20.8,32,6.3,0.0,0.0,0,0,0,1,0,0,0,0,1,0,0,0,0,0,0,0,0,0,0,small
93,91.4,142.4,601.4,10.6,18.2,43,4.9,0.0,0.0,0,0,0,1,0,0,0,0,1,0,0,0,0,0,0,0,0,0,0,small
94,91.1,103.2,638.8,5.8,23.4,22,2.7,0.0,0.0,0,1,0,0,0,0,0,0,1,0,0,0,0,0,0,0,0,0,0,small
95,89.7,90.0,704.4,4.8,17.8,64,1.3,0.0,0.0,0,0,0,1,0,0,0,0,0,0,0,0,0,0,0,0,0,0,1,small
96,83.9,8.0,30.2,2.6,12.7,48,1.8,0.0,0.0,0,0,1,0,0,0,0,0,0,0,1,0,0,0,0,0,0,0,0,small
97,69.0,2.4,15.5,0.7,17.4,24,5.4,0.0,0.0,0,0,1,0,0,0,0,0,0,0,0,0,0,0,1,0,0,0,0,small
98,91.4,142.4,601.4,10.6,11.6,87,4.5,0.0,0.0,0,0,0,1,0,0,0,0,1,0,0,0,0,0,0,0,0,0,0,small
99,91.4,142.4,601.4,10.6,19.8,39,5.4,0.0,0.0,0,0,0,1,0,0,0,0,1,0,0,0,0,0,0,0,0,0,0,small
100,91.4,142.4,601.4,10.6,19.8,39,5.4,0.0,0.0,0,0,0,1,0,0,0,0,1,0,0,0,0,0,0,0,0,0,0,small
101,88.8,147.3,614.5,9.0,14.4,66,5.4,0.0,0.0,0,0,0,0,0,1,0,0,1,0,0,0,0,0,0,0,0,0,0,small
102,94.8,108.3,647.1,17.0,20.1,40,4.0,0.0,0.0,0,0,0,0,0,1,0,0,1,0,0,0,0,0,0,0,0,0,0,small
103,92.5,121.1,674.4,8.6,24.1,29,4.5,0.0,0.0,0,0,1,0,0,0,0,0,0,0,0,0,0,0,0,0,0,0,1,small
104,82.1,3.7,9.3,2.9,5.3,78,3.1,0.0,0.0,0,0,1,0,0,0,0,0,0,0,0,1,0,0,0,0,0,0,0,small
105,85.9,19.5,57.3,2.8,12.7,52,6.3,0.0,0.0,1,0,0,0,0,0,0,0,0,0,0,0,0,0,1,0,0,0,0,small
106,91.4,30.7,74.3,7.5,18.2,29,3.1,0.0,0.0,0,0,0,0,1,0,0,0,0,0,0,0,0,0,1,0,0,0,0,small
107,90.2,99.6,631.2,6.3,21.4,33,3.1,0.0,0.0,0,0,0,1,0,0,0,0,1,0,0,0,0,0,0,0,0,0,0,small
108,92.5,88.0,698.6,7.1,20.3,45,3.1,0.0,0.0,0,0,1,0,0,0,0,0,0,0,0,0,0,0,0,0,0,0,1,small
109,88.6,91.8,709.9,7.1,17.4,56,5.4,0.0,0.0,0,1,0,0,0,0,0,0,0,0,0,0,0,0,0,0,0,0,1,small
110,85.9,19.5,57.3,2.8,13.7,43,5.8,0.0,0.0,1,0,0,0,0,0,0,0,0,0,0,0,0,0,1,0,0,0,0,small
111,91.7,33.3,77.5,9.0,18.8,18,4.5,0.0,0.0,1,0,0,0,0,0,0,0,0,0,0,0,0,0,1,0,0,0,0,small
112,89.7,90.0,704.4,4.8,22.8,39,3.6,0.0,0.0,0,0,0,1,0,0,0,0,0,0,0,0,0,0,0,0,0,0,1,small
113,91.8,78.5,724.3,9.2,18.9,35,2.7,0.0,0.0,0,1,0,0,0,0,0,0,0,0,0,0,0,0,0,0,0,0,1,small
114,88.1,25.7,67.6,3.8,15.8,27,7.6,0.0,0.0,0,0,0,0,0,1,0,0,0,0,0,0,0,0,1,0,0,0,0,small
115,88.1,25.7,67.6,3.8,15.5,27,6.3,0.0,0.0,0,0,0,0,0,1,0,0,0,0,0,0,0,0,1,0,0,0,0,small
116,91.7,35.8,80.8,7.8,11.6,30,6.3,0.0,0.0,0,0,1,0,0,0,0,0,0,0,0,0,0,0,1,0,0,0,0,small
117,91.7,35.8,80.8,7.8,15.2,27,4.9,0.0,0.0,0,0,1,0,0,0,0,0,0,0,0,0,0,0,1,0,0,0,0,small
118,90.1,39.7,86.6,6.2,10.6,30,4.0,0.0,0.0,0,1,0,0,0,0,0,0,0,0,0,0,0,0,1,0,0,0,0,small
119,93.0,75.3,466.6,7.7,19.6,36,3.1,0.0,0.0,0,0,0,0,1,0,0,0,1,0,0,0,0,0,0,0,0,0,0,small
120,91.5,145.4,608.2,10.7,10.3,74,2.2,0.0,0.0,0,1,0,0,0,0,0,0,1,0,0,0,0,0,0,0,0,0,0,small
121,91.5,145.4,608.2,10.7,17.1,43,5.4,0.0,0.0,0,1,0,0,0,0,0,0,1,0,0,0,0,0,0,0,0,0,0,small
122,92.4,124.1,680.7,8.5,22.5,42,5.4,0.0,0.0,0,0,0,1,0,0,0,0,0,0,0,0,0,0,0,0,0,0,1,small
123,84.4,73.4,671.9,3.2,17.9,45,3.1,0.0,0.0,0,0,0,0,0,1,0,0,0,0,0,0,0,0,0,0,0,0,1,small
124,94.3,85.1,692.3,15.9,19.8,50,5.4,0.0,0.0,1,0,0,0,0,0,0,0,0,0,0,0,0,0,0,0,0,0,1,small
125,92.6,46.5,691.8,8.8,20.6,24,5.4,0.0,0.0,0,0,0,1,0,0,0,0,0,0,0,0,0,0,0,0,0,1,0,small
126,87.6,52.2,103.8,5.0,9.0,49,2.2,0.0,0.0,0,1,0,0,0,0,0,0,0,0,0,0,0,0,1,0,0,0,0,small
127,93.5,149.3,728.6,8.1,17.2,43,3.1,0.0,0.0,1,0,0,0,0,0,0,0,0,0,0,0,0,0,0,0,0,0,1,small
128,91.4,37.9,673.8,5.2,15.9,46,3.6,0.0,0.0,0,0,0,0,0,0,1,0,0,0,0,0,0,0,0,0,0,1,0,small
129,92.6,46.5,691.8,8.8,15.4,35,0.9,0.0,0.0,0,0,0,1,0,0,0,0,0,0,0,0,0,0,0,0,0,1,0,small
130,68.2,21.5,87.2,0.8,15.4,40,2.7,0.0,0.0,0,0,1,0,0,0,0,0,0,0,1,0,0,0,0,0,0,0,0,small
131,87.2,23.9,64.7,4.1,14.0,39,3.1,0.0,0.0,0,1,0,0,0,0,0,0,0,0,0,0,0,0,1,0,0,0,0,small
132,89.3,51.3,102.2,9.6,10.6,46,4.9,0.0,0.0,0,0,0,1,0,0,0,0,0,0,0,0,0,0,1,0,0,0,0,small
133,93.7,80.9,685.2,17.9,17.6,42,3.1,0.0,0.0,0,0,0,0,1,0,0,0,0,0,0,0,0,0,0,0,0,0,1,small
134,88.1,25.7,67.6,3.8,14.9,38,2.7,0.0,0.0,0,0,0,0,0,1,0,0,0,0,0,0,0,0,1,0,0,0,0,small
135,93.5,139.4,594.2,20.3,17.6,52,5.8,0.0,0.0,0,0,1,0,0,0,0,0,1,0,0,0,0,0,0,0,0,0,0,small
136,92.4,124.1,680.7,8.5,17.2,58,1.3,0.0,0.0,0,0,0,1,0,0,0,0,0,0,0,0,0,0,0,0,0,0,1,small
137,90.9,126.5,686.5,7.0,15.6,66,3.1,0.0,0.0,0,1,0,0,0,0,0,0,0,0,0,0,0,0,0,0,0,0,1,small
138,85.8,48.3,313.4,3.9,18.0,42,2.7,0.0,0.36,0,0,0,0,0,1,0,0,0,0,0,0,1,0,0,0,0,0,0,small
139,91.0,129.5,692.6,7.0,21.7,38,2.2,0.0,0.43,0,0,0,0,0,1,0,0,0,0,0,0,0,0,0,0,0,0,1,small
140,90.9,126.5,686.5,7.0,21.9,39,1.8,0.0,0.47,0,1,0,0,0,0,0,0,0,0,0,0,0,0,0,0,0,0,1,small
141,95.5,99.9,513.3,13.2,23.3,31,4.5,0.0,0.55,0,0,0,0,0,0,1,0,1,0,0,0,0,0,0,0,0,0,0,small
142,90.1,108.0,529.8,12.5,21.2,51,8.9,0.0,0.61,1,0,0,0,0,0,0,0,1,0,0,0,0,0,0,0,0,0,0,small
143,90.0,51.3,296.3,8.7,16.6,53,5.4,0.0,0.71,0,0,1,0,0,0,0,0,0,0,0,0,1,0,0,0,0,0,0,small
144,95.5,99.9,513.3,13.2,23.8,32,5.4,0.0,0.77,0,0,0,0,0,0,1,0,1,0,0,0,0,0,0,0,0,0,0,small
145,95.2,131.7,578.8,10.4,27.4,22,4.0,0.0,0.9,0,0,0,0,1,0,0,0,1,0,0,0,0,0,0,0,0,0,0,small
146,90.1,39.7,86.6,6.2,13.2,40,5.4,0.0,0.95,0,1,0,0,0,0,0,0,0,0,0,0,0,0,1,0,0,0,0,small
147,84.4,73.4,671.9,3.2,24.2,28,3.6,0.0,0.96,0,0,0,0,0,1,0,0,0,0,0,0,0,0,0,0,0,0,1,small
148,94.8,108.3,647.1,17.0,17.4,43,6.7,0.0,1.07,0,0,0,0,0,1,0,0,1,0,0,0,0,0,0,0,0,0,0,small
149,93.7,80.9,685.2,17.9,23.7,25,4.5,0.0,1.12,0,0,0,0,1,0,0,0,0,0,0,0,0,0,0,0,0,0,1,small
150,92.5,56.4,433.3,7.1,23.2,39,5.4,0.0,1.19,1,0,0,0,0,0,0,0,0,0,0,0,0,1,0,0,0,0,0,small
151,90.1,68.6,355.2,7.2,24.8,29,2.2,0.0,1.36,0,0,0,1,0,0,0,0,0,0,0,0,1,0,0,0,0,0,0,small
152,90.1,51.2,424.1,6.2,24.6,43,1.8,0.0,1.43,0,0,1,0,0,0,0,0,0,0,0,0,1,0,0,0,0,0,0,small
153,94.3,85.1,692.3,15.9,20.1,47,4.9,0.0,1.46,1,0,0,0,0,0,0,0,0,0,0,0,0,0,0,0,0,0,1,small
154,93.4,145.4,721.4,8.1,29.6,27,2.7,0.0,1.46,0,0,1,0,0,0,0,0,0,0,0,0,0,0,0,0,0,0,1,small
155,94.8,108.3,647.1,17.0,16.4,47,1.3,0.0,1.56,0,0,0,1,0,0,0,0,1,0,0,0,0,0,0,0,0,0,0,small
156,93.4,145.4,721.4,8.1,28.6,27,2.2,0.0,1.61,0,0,1,0,0,0,0,0,0,0,0,0,0,0,0,0,0,0,1,small
157,92.1,111.2,654.1,9.6,18.4,45,3.6,0.0,1.63,0,0,0,0,0,0,1,0,1,0,0,0,0,0,0,0,0,0,0,small
158,92.1,111.2,654.1,9.6,20.5,35,4.0,0.0,1.64,0,0,0,0,0,0,1,0,1,0,0,0,0,0,0,0,0,0,0,small
159,92.4,117.9,668.0,12.2,19.0,34,5.8,0.0,1.69,1,0,0,0,0,0,0,0,0,0,0,0,0,0,0,0,0,0,1,small
160,90.1,39.7,86.6,6.2,16.1,29,3.1,0.0,1.75,0,1,0,0,0,0,0,0,0,0,0,0,0,0,1,0,0,0,0,small
161,95.2,131.7,578.8,10.4,20.3,41,4.0,0.0,1.9,0,0,0,0,1,0,0,0,1,0,0,0,0,0,0,0,0,0,0,small
162,90.6,50.1,100.4,7.8,15.2,31,8.5,0.0,1.94,0,0,1,0,0,0,0,0,0,0,0,0,0,0,1,0,0,0,0,small
163,92.5,121.1,674.4,8.6,17.8,56,1.8,0.0,1.95,0,0,1,0,0,0,0,0,0,0,0,0,0,0,0,0,0,0,1,small
164,89.7,90.0,704.4,4.8,17.8,67,2.2,0.0,2.01,0,0,0,1,0,0,0,0,0,0,0,0,0,0,0,0,0,0,1,small
165,84.9,18.2,55.0,3.0,5.3,70,4.5,0.0,2.14,0,0,0,0,1,0,0,0,0,0,0,0,0,0,1,0,0,0,0,small
166,92.1,111.2,654.1,9.6,16.6,47,0.9,0.0,2.29,0,0,0,0,0,0,1,0,1,0,0,0,0,0,0,0,0,0,0,small
167,96.0,127.1,570.5,16.5,23.4,33,4.5,0.0,2.51,0,0,0,0,0,0,1,0,1,0,0,0,0,0,0,0,0,0,0,small
168,91.2,48.3,97.8,12.5,14.6,26,9.4,0.0,2.53,1,0,0,0,0,0,0,0,0,0,0,0,0,0,1,0,0,0,0,small
169,95.2,131.7,578.8,10.4,20.7,45,2.2,0.0,2.55,0,0,0,0,1,0,0,0,1,0,0,0,0,0,0,0,0,0,0,small
170,92.9,133.3,699.6,9.2,21.9,35,1.8,0.0,2.57,0,0,0,0,0,0,1,0,0,0,0,0,0,0,0,0,0,0,1,small
171,85.6,90.4,609.6,6.6,17.4,50,4.0,0.0,2.69,0,0,0,0,0,0,1,0,1,0,0,0,0,0,0,0,0,0,0,small
172,91.4,142.4,601.4,10.6,20.1,39,5.4,0.0,2.74,0,0,0,1,0,0,0,0,1,0,0,0,0,0,0,0,0,0,0,small
173,90.9,126.5,686.5,7.0,17.7,39,2.2,0.0,3.07,0,1,0,0,0,0,0,0,0,0,0,0,0,0,0,0,0,0,1,small
174,90.2,96.9,624.2,8.9,14.2,53,1.8,0.0,3.5,0,0,1,0,0,0,0,0,1,0,0,0,0,0,0,0,0,0,0,small
175,90.2,96.9,624.2,8.9,20.3,39,4.9,0.0,4.53,0,0,1,0,0,0,0,0,1,0,0,0,0,0,0,0,0,0,0,small
176,81.5,9.1,55.2,2.7,5.8,54,5.8,0.0,4.61,0,0,0,0,1,0,0,1,0,0,0,0,0,0,0,0,0,0,0,small
177,90.2,99.6,631.2,6.3,19.2,44,2.7,0.0,4.69,0,0,0,1,0,0,0,0,1,0,0,0,0,0,0,0,0,0,0,small
178,90.1,82.9,735.7,6.2,18.3,45,2.2,0.0,4.88,0,0,0,0,0,0,1,0,0,0,0,0,0,0,0,0,0,0,1,small
179,88.8,147.3,614.5,9.0,14.4,66,5.4,0.0,5.23,0,0,0,0,0,1,0,0,1,0,0,0,0,0,0,0,0,0,0,small
180,92.4,124.1,680.7,8.5,23.9,32,6.7,0.0,5.33,0,0,0,1,0,0,0,0,0,0,0,0,0,0,0,0,0,0,1,small
181,84.9,32.8,664.2,3.0,19.1,32,4.0,0.0,5.44,0,1,0,0,0,0,0,0,0,0,0,0,0,0,0,0,0,1,0,small
182,86.8,15.6,48.3,3.9,12.4,53,2.2,0.0,6.38,0,0,0,1,0,0,0,0,0,0,1,0,0,0,0,0,0,0,0,large
183,91.7,48.5,696.1,11.1,16.8,45,4.5,0.0,6.83,0,1,0,0,0,0,0,0,0,0,0,0,0,0,0,0,0,1,0,large
184,93.9,135.7,586.7,15.1,20.8,34,4.9,0.0,6.96,1,0,0,0,0,0,0,0,1,0,0,0,0,0,0,0,0,0,0,large
185,91.0,129.5,692.6,7.0,17.6,46,3.1,0.0,7.04,0,0,0,0,0,1,0,0,0,0,0,0,0,0,0,0,0,0,1,large
186,89.3,51.3,102.2,9.6,11.5,39,5.8,0.0,7.19,0,0,0,1,0,0,0,0,0,0,0,0,0,0,1,0,0,0,0,large
187,90.9,126.5,686.5,7.0,21.0,42,2.2,0.0,7.3,0,1,0,0,0,0,0,0,0,0,0,0,0,0,0,0,0,0,1,large
188,90.8,41.9,89.4,7.9,13.3,42,0.9,0.0,7.4,0,0,1,0,0,0,0,0,0,0,0,0,0,0,1,0,0,0,0,large
189,90.7,44.0,92.4,5.5,11.5,60,4.0,0.0,8.24,0,0,0,1,0,0,0,0,0,0,0,0,0,0,1,0,0,0,0,large
190,91.2,48.3,97.8,12.5,11.7,33,4.0,0.0,8.31,1,0,0,0,0,0,0,0,0,0,0,0,0,0,1,0,0,0,0,large
191,95.2,131.7,578.8,10.4,24.2,28,2.7,0.0,8.68,0,0,0,0,1,0,0,0,1,0,0,0,0,0,0,0,0,0,0,large
192,94.8,108.3,647.1,17.0,24.6,22,4.5,0.0,8.71,0,0,0,0,0,1,0,0,1,0,0,0,0,0,0,0,0,0,0,large
193,92.9,133.3,699.6,9.2,24.3,25,4.0,0.0,9.41,0,0,0,0,0,0,1,0,0,0,0,0,0,0,0,0,0,0,1,large
194,94.8,108.3,647.1,17.0,24.6,22,4.5,0.0,10.01,0,0,0,0,0,1,0,0,1,0,0,0,0,0,0,0,0,0,0,large
195,93.9,135.7,586.7,15.1,23.5,36,5.4,0.0,10.02,1,0,0,0,0,0,0,0,1,0,0,0,0,0,0,0,0,0,0,large
196,81.5,9.1,55.2,2.7,5.8,54,5.8,0.0,10.93,0,0,0,0,1,0,0,1,0,0,0,0,0,0,0,0,0,0,0,large
197,92.9,137.0,706.4,9.2,21.5,15,0.9,0.0,11.06,0,0,0,0,1,0,0,0,0,0,0,0,0,0,0,0,0,0,1,large
198,91.0,129.5,692.6,7.0,13.9,59,6.3,0.0,11.24,0,0,0,0,0,1,0,0,0,0,0,0,0,0,0,0,0,0,1,large
199,63.5,70.8,665.3,0.8,22.6,38,3.6,0.0,11.32,0,1,0,0,0,0,0,0,0,0,0,0,0,0,0,0,0,0,1,large
200,91.0,129.5,692.6,7.0,21.6,33,2.2,0.0,11.53,0,0,0,0,0,1,0,0,0,0,0,0,0,0,0,0,0,0,1,large
201,90.1,37.6,83.7,7.2,12.4,54,3.6,0.0,12.1,0,0,0,1,0,0,0,0,0,0,0,0,0,0,1,0,0,0,0,large
202,83.9,8.7,32.1,2.1,8.8,68,2.2,0.0,13.05,0,0,0,1,0,0,0,0,0,0,1,0,0,0,0,0,0,0,0,large
203,91.4,37.9,673.8,5.2,20.2,37,2.7,0.0,13.7,0,0,0,0,0,0,1,0,0,0,0,0,0,0,0,0,0,1,0,large
204,90.6,50.1,100.4,7.8,15.1,64,4.0,0.0,13.99,0,0,1,0,0,0,0,0,0,0,0,0,0,0,1,0,0,0,0,large
205,92.9,137.0,706.4,9.2,22.1,34,1.8,0.0,14.57,0,0,0,0,1,0,0,0,0,0,0,0,0,0,0,0,0,0,1,large
206,93.5,139.4,594.2,20.3,22.9,31,7.2,0.0,15.45,0,0,1,0,0,0,0,0,1,0,0,0,0,0,0,0,0,0,0,large
207,91.0,129.5,692.6,7.0,20.7,37,2.2,0.0,17.2,0,0,0,0,0,1,0,0,0,0,0,0,0,0,0,0,0,0,1,large
208,92.4,117.9,668.0,12.2,19.6,33,6.3,0.0,19.23,1,0,0,0,0,0,0,0,0,0,0,0,0,0,0,0,0,0,1,large
209,93.7,80.9,685.2,17.9,23.2,26,4.9,0.0,23.41,0,0,0,0,1,0,0,0,0,0,0,0,0,0,0,0,0,0,1,large
210,90.6,43.7,686.9,6.7,18.4,25,3.1,0.0,24.23,0,0,1,0,0,0,0,0,0,0,0,0,0,0,0,0,0,1,0,large
211,93.5,139.4,594.2,20.3,5.1,96,5.8,0.0,26.0,0,0,1,0,0,0,0,0,1,0,0,0,0,0,0,0,0,0,0,large
212,94.3,85.1,692.3,15.9,20.1,47,4.9,0.0,26.13,1,0,0,0,0,0,0,0,0,0,0,0,0,0,0,0,0,0,1,large
213,87.6,52.2,103.8,5.0,11.0,46,5.8,0.0,27.35,0,1,0,0,0,0,0,0,0,0,0,0,0,0,1,0,0,0,0,large
214,91.7,35.8,80.8,7.8,17.0,27,4.9,0.0,28.66,0,0,1,0,0,0,0,0,0,0,0,0,0,0,1,0,0,0,0,large
215,91.7,35.8,80.8,7.8,17.0,27,4.9,0.0,28.66,0,0,1,0,0,0,0,0,0,0,0,0,0,0,1,0,0,0,0,large
216,92.4,124.1,680.7,8.5,16.9,60,1.3,0.0,29.48,0,0,0,1,0,0,0,0,0,0,0,0,0,0,0,0,0,0,1,large
217,88.6,91.8,709.9,7.1,12.4,73,6.3,0.0,30.32,0,1,0,0,0,0,0,0,0,0,0,0,0,0,0,0,0,0,1,large
218,92.9,133.3,699.6,9.2,19.4,19,1.3,0.0,31.72,0,0,0,0,0,0,1,0,0,0,0,0,0,0,0,0,0,0,1,large
219,90.1,39.7,86.6,6.2,15.2,27,3.1,0.0,31.86,0,1,0,0,0,0,0,0,0,0,0,0,0,0,1,0,0,0,0,large
220,90.2,99.6,631.2,6.3,16.2,59,3.1,0.0,32.07,0,0,0,1,0,0,0,0,1,0,0,0,0,0,0,0,0,0,0,large
221,93.3,141.2,713.9,13.9,18.6,49,3.6,0.0,35.88,1,0,0,0,0,0,0,0,0,0,0,0,0,0,0,0,0,0,1,large
222,87.6,52.2,103.8,5.0,11.0,46,5.8,0.0,36.85,0,1,0,0,0,0,0,0,0,0,0,0,0,0,1,0,0,0,0,large
223,88.3,150.3,309.9,6.8,13.4,79,3.6,0.0,37.02,1,0,0,0,0,0,0,0,0,0,0,0,1,0,0,0,0,0,0,large
224,90.1,82.9,735.7,6.2,15.4,57,4.5,0.0,37.71,0,0,0,0,0,0,1,0,0,0,0,0,0,0,0,0,0,0,1,large
225,93.5,149.3,728.6,8.1,22.9,39,4.9,0.0,48.55,0,0,0,1,0,0,0,0,0,0,0,0,0,0,0,0,0,0,1,large
226,91.7,48.5,696.1,11.1,16.1,44,4.0,0.0,49.37,0,1,0,0,0,0,0,0,0,0,0,0,0,0,0,0,0,1,0,large
227,92.2,81.8,480.8,11.9,20.1,34,4.5,0.0,58.3,0,0,1,0,0,0,0,0,1,0,0,0,0,0,0,0,0,0,0,large
228,93.5,149.3,728.6,8.1,28.3,26,3.1,0.0,64.1,0,0,0,1,0,0,0,0,0,0,0,0,0,0,0,0,0,0,1,large
229,92.2,81.8,480.8,11.9,16.4,43,4.0,0.0,71.3,0,0,1,0,0,0,0,0,1,0,0,0,0,0,0,0,0,0,0,large
230,92.9,133.3,699.6,9.2,26.4,21,4.5,0.0,88.49,0,0,0,0,0,0,1,0,0,0,0,0,0,0,0,0,0,0,1,large
231,93.5,149.3,728.6,8.1,27.8,27,3.1,0.0,95.18,0,0,0,1,0,0,0,0,0,0,0,0,0,0,0,0,0,0,1,large
232,91.0,129.5,692.6,7.0,18.7,43,2.7,0.0,103.39,0,0,0,0,0,1,0,0,0,0,0,0,0,0,0,0,0,0,1,large
233,84.4,73.4,671.9,3.2,24.3,36,3.1,0.0,105.66,0,0,0,0,0,1,0,0,0,0,0,0,0,0,0,0,0,0,1,large
234,92.5,121.1,674.4,8.6,17.7,25,3.1,0.0,154.88,0,0,1,0,0,0,0,0,0,0,0,0,0,0,0,0,0,0,1,large
235,91.4,142.4,601.4,10.6,19.6,41,5.8,0.0,196.48,0,0,0,1,0,0,0,0,1,0,0,0,0,0,0,0,0,0,0,large
236,92.5,121.1,674.4,8.6,18.2,46,1.8,0.0,200.94,0,0,1,0,0,0,0,0,0,0,0,0,0,0,0,0,0,0,1,large
237,91.0,129.5,692.6,7.0,18.8,40,2.2,0.0,212.88,0,0,0,0,0,1,0,0,0,0,0,0,0,0,0,0,0,0,1,large
238,92.5,121.1,674.4,8.6,25.1,27,4.0,0.0,1090.84,0,0,1,0,0,0,0,0,0,0,0,0,0,0,0,0,0,0,1,large
239,81.9,3.0,7.9,3.5,13.4,75,1.8,0.0,0.0,0,0,0,1,0,0,0,1,0,0,0,0,0,0,0,0,0,0,0,small
240,88.0,17.2,43.5,3.8,15.2,51,2.7,0.0,0.0,0,0,0,0,0,0,1,1,0,0,0,0,0,0,0,0,0,0,0,small
241,83.0,23.3,85.3,2.3,16.7,20,3.1,0.0,0.0,1,0,0,0,0,0,0,1,0,0,0,0,0,0,0,0,0,0,0,small
242,94.2,122.3,589.9,12.9,15.4,66,4.0,0.0,10.13,0,0,0,1,0,0,0,0,1,0,0,0,0,0,0,0,0,0,0,large
243,91.8,175.1,700.7,13.8,21.9,73,7.6,1.0,0.0,0,0,0,1,0,0,0,0,1,0,0,0,0,0,0,0,0,0,0,small
244,91.8,175.1,700.7,13.8,22.4,54,7.6,0.0,2.87,0,0,0,1,0,0,0,0,1,0,0,0,0,0,0,0,0,0,0,small
245,91.8,175.1,700.7,13.8,26.8,38,6.3,0.0,0.76,0,0,0,1,0,0,0,0,1,0,0,0,0,0,0,0,0,0,0,small
246,91.8,175.1,700.7,13.8,25.7,39,5.4,0.0,0.09,0,0,0,1,0,0,0,0,1,0,0,0,0,0,0,0,0,0,0,small
247,92.2,91.6,503.6,9.6,20.7,70,2.2,0.0,0.75,0,0,0,0,0,0,1,0,1,0,0,0,0,0,0,0,0,0,0,small
248,93.1,157.3,666.7,13.5,28.7,28,2.7,0.0,0.0,0,0,0,0,0,0,1,0,1,0,0,0,0,0,0,0,0,0,0,small
249,93.1,157.3,666.7,13.5,21.7,40,0.4,0.0,2.47,0,0,0,0,0,0,1,0,1,0,0,0,0,0,0,0,0,0,0,small
250,93.1,157.3,666.7,13.5,26.8,25,3.1,0.0,0.68,0,0,0,0,0,0,1,0,1,0,0,0,0,0,0,0,0,0,0,small
251,93.1,157.3,666.7,13.5,24.0,36,3.1,0.0,0.24,0,0,0,0,0,0,1,0,1,0,0,0,0,0,0,0,0,0,0,small
252,93.1,157.3,666.7,13.5,22.1,37,3.6,0.0,0.21,0,0,0,0,0,0,1,0,1,0,0,0,0,0,0,0,0,0,0,small
253,91.9,109.2,565.5,8.0,21.4,38,2.7,0.0,1.52,0,0,0,0,1,0,0,0,1,0,0,0,0,0,0,0,0,0,0,small
254,91.6,138.1,621.7,6.3,18.9,41,3.1,0.0,10.34,0,0,0,0,1,0,0,0,1,0,0,0,0,0,0,0,0,0,0,large
255,87.5,77.0,694.8,5.0,22.3,46,4.0,0.0,0.0,0,0,0,0,1,0,0,0,1,0,0,0,0,0,0,0,0,0,0,small
256,94.2,117.2,581.1,11.0,23.9,41,2.2,0.0,8.02,0,0,1,0,0,0,0,0,1,0,0,0,0,0,0,0,0,0,0,large
257,94.2,117.2,581.1,11.0,21.4,44,2.7,0.0,0.68,0,0,1,0,0,0,0,0,1,0,0,0,0,0,0,0,0,0,0,small
258,91.8,170.9,692.3,13.7,20.6,59,0.9,0.0,0.0,0,0,1,0,0,0,0,0,1,0,0,0,0,0,0,0,0,0,0,small
259,91.8,170.9,692.3,13.7,23.7,40,1.8,0.0,1.38,0,0,1,0,0,0,0,0,1,0,0,0,0,0,0,0,0,0,0,small
260,93.6,97.9,542.0,14.4,28.3,32,4.0,0.0,8.85,0,1,0,0,0,0,0,0,1,0,0,0,0,0,0,0,0,0,0,large
261,91.6,112.4,573.0,8.9,11.2,84,7.6,0.0,3.3,1,0,0,0,0,0,0,0,1,0,0,0,0,0,0,0,0,0,0,small
262,91.6,112.4,573.0,8.9,21.4,42,3.1,0.0,4.25,1,0,0,0,0,0,0,0,1,0,0,0,0,0,0,0,0,0,0,small
263,91.1,141.1,629.1,7.1,19.3,39,3.6,0.0,1.56,1,0,0,0,0,0,0,0,1,0,0,0,0,0,0,0,0,0,0,small
264,94.3,167.6,684.4,13.0,21.8,53,3.1,0.0,6.54,1,0,0,0,0,0,0,0,1,0,0,0,0,0,0,0,0,0,0,large
265,93.7,102.2,550.3,14.6,22.1,54,7.6,0.0,0.79,0,0,0,0,0,1,0,0,1,0,0,0,0,0,0,0,0,0,0,small
266,94.3,131.7,607.1,22.7,19.4,55,4.0,0.0,0.17,0,0,0,0,0,1,0,0,1,0,0,0,0,0,0,0,0,0,0,small
267,92.1,152.6,658.2,14.3,23.7,24,3.1,0.0,0.0,0,0,0,0,0,1,0,0,1,0,0,0,0,0,0,0,0,0,0,small
268,92.1,152.6,658.2,14.3,21.0,32,3.1,0.0,0.0,0,0,0,0,0,1,0,0,1,0,0,0,0,0,0,0,0,0,0,small
269,92.1,152.6,658.2,14.3,19.1,53,2.7,0.0,4.4,0,0,0,0,0,1,0,0,1,0,0,0,0,0,0,0,0,0,0,small
270,92.1,152.6,658.2,14.3,21.8,56,3.1,0.0,0.52,0,0,0,0,0,1,0,0,1,0,0,0,0,0,0,0,0,0,0,small
271,92.1,152.6,658.2,14.3,20.1,58,4.5,0.0,9.27,0,0,0,0,0,1,0,0,1,0,0,0,0,0,0,0,0,0,0,large
272,92.1,152.6,658.2,14.3,20.2,47,4.0,0.0,3.09,0,0,0,0,0,1,0,0,1,0,0,0,0,0,0,0,0,0,0,small
273,84.4,27.2,353.5,6.8,4.8,57,8.5,0.0,8.98,0,0,0,1,0,0,0,0,0,1,0,0,0,0,0,0,0,0,0,large
274,84.0,27.8,354.6,5.3,5.1,61,8.0,0.0,11.19,0,0,0,0,0,0,1,0,0,1,0,0,0,0,0,0,0,0,0,large
275,84.6,26.4,352.0,2.0,5.1,61,4.9,0.0,5.38,0,0,0,0,1,0,0,0,0,1,0,0,0,0,0,0,0,0,0,small
276,85.4,25.4,349.7,2.6,4.6,21,8.5,0.0,17.85,0,1,0,0,0,0,0,0,0,1,0,0,0,0,0,0,0,0,0,large
277,85.4,25.4,349.7,2.6,4.6,21,8.5,0.0,10.73,0,1,0,0,0,0,0,0,0,1,0,0,0,0,0,0,0,0,0,large
278,85.4,25.4,349.7,2.6,4.6,21,8.5,0.0,22.03,0,1,0,0,0,0,0,0,0,1,0,0,0,0,0,0,0,0,0,large
279,85.4,25.4,349.7,2.6,4.6,21,8.5,0.0,9.77,0,1,0,0,0,0,0,0,0,1,0,0,0,0,0,0,0,0,0,large
280,84.7,26.7,352.6,4.1,2.2,59,4.9,0.0,9.27,1,0,0,0,0,0,0,0,0,1,0,0,0,0,0,0,0,0,0,large
281,85.4,25.4,349.7,2.6,5.1,24,8.5,0.0,24.77,0,0,0,0,0,1,0,0,0,1,0,0,0,0,0,0,0,0,0,large
282,84.9,27.5,353.5,3.4,4.2,51,4.0,0.0,0.0,0,0,0,1,0,0,0,0,0,0,1,0,0,0,0,0,0,0,0,small
283,86.9,6.6,18.7,3.2,8.8,35,3.1,0.0,1.1,0,0,0,0,0,0,1,0,0,0,1,0,0,0,0,0,0,0,0,small
284,85.2,4.9,15.8,6.3,7.5,46,8.0,0.0,24.24,1,0,0,0,0,0,0,0,0,0,1,0,0,0,0,0,0,0,0,large
285,93.9,169.7,411.8,12.3,23.4,40,6.3,0.0,0.0,0,0,0,1,0,0,0,0,0,0,0,0,1,0,0,0,0,0,0,small
286,91.2,183.1,437.7,12.5,12.6,90,7.6,0.2,0.0,0,0,0,0,0,0,1,0,0,0,0,0,1,0,0,0,0,0,0,small
287,91.6,104.2,474.9,9.0,22.1,49,2.7,0.0,0.0,0,0,1,0,0,0,0,0,0,0,0,0,1,0,0,0,0,0,0,small
288,91.6,104.2,474.9,9.0,24.2,32,1.8,0.0,0.0,0,0,1,0,0,0,0,0,0,0,0,0,1,0,0,0,0,0,0,small
289,91.6,104.2,474.9,9.0,24.3,30,1.8,0.0,0.0,0,0,1,0,0,0,0,0,0,0,0,0,1,0,0,0,0,0,0,small
290,91.6,104.2,474.9,9.0,18.7,53,1.8,0.0,0.0,0,0,1,0,0,0,0,0,0,0,0,0,1,0,0,0,0,0,0,small
291,91.6,104.2,474.9,9.0,25.3,39,0.9,0.0,8.0,0,0,1,0,0,0,0,0,0,0,0,0,1,0,0,0,0,0,0,large
292,91.6,100.2,466.3,6.3,22.9,40,1.3,0.0,2.64,1,0,0,0,0,0,0,0,0,0,0,0,1,0,0,0,0,0,0,small
293,93.1,180.4,430.8,11.0,26.9,28,5.4,0.0,86.45,0,0,0,0,0,1,0,0,0,0,0,0,1,0,0,0,0,0,0,large
294,92.3,88.8,440.9,8.5,17.1,67,3.6,0.0,6.57,0,0,0,0,0,1,0,0,0,0,0,0,1,0,0,0,0,0,0,large
295,93.1,180.4,430.8,11.0,22.2,48,1.3,0.0,0.0,0,0,0,1,0,0,0,0,0,0,0,0,0,1,0,0,0,0,0,small
296,90.4,89.5,290.8,6.4,14.3,46,1.8,0.0,0.9,0,0,0,1,0,0,0,0,0,0,0,0,0,1,0,0,0,0,0,small
297,90.4,89.5,290.8,6.4,15.4,45,2.2,0.0,0.0,0,0,0,1,0,0,0,0,0,0,0,0,0,1,0,0,0,0,0,small
298,91.2,147.8,377.2,12.7,19.6,43,4.9,0.0,0.0,0,0,0,0,0,0,1,0,0,0,0,0,0,1,0,0,0,0,0,small
299,53.4,71.0,233.8,0.4,10.6,90,2.7,0.0,0.0,0,0,1,0,0,0,0,0,0,0,0,0,0,1,0,0,0,0,0,small
300,90.4,93.3,298.1,7.5,20.7,25,4.9,0.0,0.0,0,1,0,0,0,0,0,0,0,0,0,0,0,1,0,0,0,0,0,small
301,90.4,93.3,298.1,7.5,19.1,39,5.4,0.0,3.52,0,1,0,0,0,0,0,0,0,0,0,0,0,1,0,0,0,0,0,small
302,91.1,94.1,232.1,7.1,19.2,38,4.5,0.0,0.0,1,0,0,0,0,0,0,0,0,0,0,0,0,1,0,0,0,0,0,small
303,91.1,94.1,232.1,7.1,19.2,38,4.5,0.0,0.0,1,0,0,0,0,0,0,0,0,0,0,0,0,1,0,0,0,0,0,small
304,85.1,28.0,113.8,3.5,11.3,94,4.9,0.0,0.0,0,0,1,0,0,0,0,0,0,0,0,0,0,0,0,1,0,0,0,small
305,89.6,84.1,714.3,5.7,19.0,52,2.2,0.0,0.0,0,0,0,1,0,0,0,0,0,0,0,0,0,0,0,0,0,0,1,small
306,89.6,84.1,714.3,5.7,17.1,53,5.4,0.0,0.41,0,0,0,1,0,0,0,0,0,0,0,0,0,0,0,0,0,0,1,small
307,89.6,84.1,714.3,5.7,23.8,35,3.6,0.0,5.18,0,0,0,1,0,0,0,0,0,0,0,0,0,0,0,0,0,0,1,small
308,92.4,105.8,758.1,9.9,16.0,45,1.8,0.0,0.0,0,0,0,1,0,0,0,0,0,0,0,0,0,0,0,0,0,0,1,small
309,92.4,105.8,758.1,9.9,24.9,27,2.2,0.0,0.0,0,0,0,1,0,0,0,0,0,0,0,0,0,0,0,0,0,0,1,small
310,92.4,105.8,758.1,9.9,25.3,27,2.7,0.0,0.0,0,0,0,1,0,0,0,0,0,0,0,0,0,0,0,0,0,0,1,small
311,92.4,105.8,758.1,9.9,24.8,28,1.8,0.0,14.29,0,0,0,1,0,0,0,0,0,0,0,0,0,0,0,0,0,0,1,large
312,50.4,46.2,706.6,0.4,12.2,78,6.3,0.0,0.0,0,0,0,1,0,0,0,0,0,0,0,0,0,0,0,0,0,0,1,small
313,92.6,115.4,777.1,8.8,24.3,27,4.9,0.0,0.0,0,0,0,0,0,0,1,0,0,0,0,0,0,0,0,0,0,0,1,small
314,92.6,115.4,777.1,8.8,19.7,41,1.8,0.0,1.58,0,0,0,0,0,0,1,0,0,0,0,0,0,0,0,0,0,0,1,small
315,91.2,134.7,817.5,7.2,18.5,30,2.7,0.0,0.0,0,0,0,0,0,0,1,0,0,0,0,0,0,0,0,0,0,0,1,small
316,92.4,96.2,739.4,8.6,18.6,24,5.8,0.0,0.0,0,0,0,0,1,0,0,0,0,0,0,0,0,0,0,0,0,0,1,small
317,92.4,96.2,739.4,8.6,19.2,24,4.9,0.0,3.78,0,0,0,0,1,0,0,0,0,0,0,0,0,0,0,0,0,0,1,small
318,92.8,119.0,783.5,7.5,21.6,27,2.2,0.0,0.0,0,0,0,0,1,0,0,0,0,0,0,0,0,0,0,0,0,0,1,small
319,92.8,119.0,783.5,7.5,21.6,28,6.3,0.0,4.41,0,0,0,0,1,0,0,0,0,0,0,0,0,0,0,0,0,0,1,small
320,92.8,119.0,783.5,7.5,18.9,34,7.2,0.0,34.36,0,0,0,0,1,0,0,0,0,0,0,0,0,0,0,0,0,0,1,large
321,92.8,119.0,783.5,7.5,16.8,28,4.0,0.0,7.21,0,0,0,0,1,0,0,0,0,0,0,0,0,0,0,0,0,0,1,large
322,92.8,119.0,783.5,7.5,16.8,28,4.0,0.0,1.01,0,0,0,0,1,0,0,0,0,0,0,0,0,0,0,0,0,0,1,small
323,90.7,136.9,822.8,6.8,12.9,39,2.7,0.0,2.18,0,0,0,0,1,0,0,0,0,0,0,0,0,0,0,0,0,0,1,small
324,88.1,53.3,726.9,5.4,13.7,56,1.8,0.0,4.42,0,0,0,0,1,0,0,0,0,0,0,0,0,0,0,0,0,0,1,small
325,92.2,102.3,751.5,8.4,24.2,27,3.1,0.0,0.0,0,0,1,0,0,0,0,0,0,0,0,0,0,0,0,0,0,0,1,small
326,92.2,102.3,751.5,8.4,24.1,27,3.1,0.0,0.0,0,0,1,0,0,0,0,0,0,0,0,0,0,0,0,0,0,0,1,small
327,92.2,102.3,751.5,8.4,21.2,32,2.2,0.0,0.0,0,0,1,0,0,0,0,0,0,0,0,0,0,0,0,0,0,0,1,small
328,92.2,102.3,751.5,8.4,19.7,35,1.8,0.0,0.0,0,0,1,0,0,0,0,0,0,0,0,0,0,0,0,0,0,0,1,small
329,92.2,102.3,751.5,8.4,23.5,27,4.0,0.0,3.33,0,0,1,0,0,0,0,0,0,0,0,0,0,0,0,0,0,0,1,small
330,92.2,102.3,751.5,8.4,24.2,27,3.1,0.0,6.58,0,0,1,0,0,0,0,0,0,0,0,0,0,0,0,0,0,0,1,large
331,91.2,124.4,795.3,8.5,21.5,28,4.5,0.0,15.64,0,0,1,0,0,0,0,0,0,0,0,0,0,0,0,0,0,0,1,large
332,91.2,124.4,795.3,8.5,17.1,41,2.2,0.0,11.22,0,0,1,0,0,0,0,0,0,0,0,0,0,0,0,0,0,0,1,large
333,92.1,87.7,721.1,9.5,18.1,54,3.1,0.0,2.13,0,1,0,0,0,0,0,0,0,0,0,0,0,0,0,0,0,0,1,small
334,91.6,108.4,764.0,6.2,18.0,51,5.4,0.0,0.0,0,1,0,0,0,0,0,0,0,0,0,0,0,0,0,0,0,0,1,small
335,91.6,108.4,764.0,6.2,9.8,86,1.8,0.0,0.0,0,1,0,0,0,0,0,0,0,0,0,0,0,0,0,0,0,0,1,small
336,91.6,108.4,764.0,6.2,19.3,44,2.2,0.0,0.0,0,1,0,0,0,0,0,0,0,0,0,0,0,0,0,0,0,0,1,small
337,91.6,108.4,764.0,6.2,23.0,34,2.2,0.0,56.04,0,1,0,0,0,0,0,0,0,0,0,0,0,0,0,0,0,0,1,large
338,91.6,108.4,764.0,6.2,22.7,35,2.2,0.0,7.48,0,1,0,0,0,0,0,0,0,0,0,0,0,0,0,0,0,0,1,large
339,91.6,108.4,764.0,6.2,20.4,41,1.8,0.0,1.47,0,1,0,0,0,0,0,0,0,0,0,0,0,0,0,0,0,0,1,small
340,91.6,108.4,764.0,6.2,19.3,44,2.2,0.0,3.93,0,1,0,0,0,0,0,0,0,0,0,0,0,0,0,0,0,0,1,small
341,91.9,111.7,770.3,6.5,15.7,51,2.2,0.0,0.0,0,1,0,0,0,0,0,0,0,0,0,0,0,0,0,0,0,0,1,small
342,91.5,130.1,807.1,7.5,20.6,37,1.8,0.0,0.0,0,1,0,0,0,0,0,0,0,0,0,0,0,0,0,0,0,0,1,small
343,91.5,130.1,807.1,7.5,15.9,51,4.5,0.0,2.18,0,1,0,0,0,0,0,0,0,0,0,0,0,0,0,0,0,0,1,small
344,91.5,130.1,807.1,7.5,12.2,66,4.9,0.0,6.1,0,1,0,0,0,0,0,0,0,0,0,0,0,0,0,0,0,0,1,large
345,91.5,130.1,807.1,7.5,16.8,43,3.1,0.0,5.83,0,1,0,0,0,0,0,0,0,0,0,0,0,0,0,0,0,0,1,small
346,91.5,130.1,807.1,7.5,21.3,35,2.2,0.0,28.19,0,1,0,0,0,0,0,0,0,0,0,0,0,0,0,0,0,0,1,large
347,92.1,99.0,745.3,9.6,10.1,75,3.6,0.0,0.0,1,0,0,0,0,0,0,0,0,0,0,0,0,0,0,0,0,0,1,small
348,92.1,99.0,745.3,9.6,17.4,57,4.5,0.0,0.0,1,0,0,0,0,0,0,0,0,0,0,0,0,0,0,0,0,0,1,small
349,92.1,99.0,745.3,9.6,12.8,64,3.6,0.0,1.64,1,0,0,0,0,0,0,0,0,0,0,0,0,0,0,0,0,0,1,small
350,92.1,99.0,745.3,9.6,10.1,75,3.6,0.0,3.71,1,0,0,0,0,0,0,0,0,0,0,0,0,0,0,0,0,0,1,small
351,92.1,99.0,745.3,9.6,15.4,53,6.3,0.0,7.31,1,0,0,0,0,0,0,0,0,0,0,0,0,0,0,0,0,0,1,large
352,92.1,99.0,745.3,9.6,20.6,43,3.6,0.0,2.03,1,0,0,0,0,0,0,0,0,0,0,0,0,0,0,0,0,0,1,small
353,92.1,99.0,745.3,9.6,19.8,47,2.7,0.0,1.72,1,0,0,0,0,0,0,0,0,0,0,0,0,0,0,0,0,0,1,small
354,92.1,99.0,745.3,9.6,18.7,50,2.2,0.0,5.97,1,0,0,0,0,0,0,0,0,0,0,0,0,0,0,0,0,0,1,small
355,92.1,99.0,745.3,9.6,20.8,35,4.9,0.0,13.06,1,0,0,0,0,0,0,0,0,0,0,0,0,0,0,0,0,0,1,large
356,92.1,99.0,745.3,9.6,20.8,35,4.9,0.0,1.26,1,0,0,0,0,0,0,0,0,0,0,0,0,0,0,0,0,0,1,small
357,92.5,122.0,789.7,10.2,15.9,55,3.6,0.0,0.0,1,0,0,0,0,0,0,0,0,0,0,0,0,0,0,0,0,0,1,small
358,92.5,122.0,789.7,10.2,19.7,39,2.7,0.0,0.0,1,0,0,0,0,0,0,0,0,0,0,0,0,0,0,0,0,0,1,small
359,92.5,122.0,789.7,10.2,21.1,39,2.2,0.0,8.12,1,0,0,0,0,0,0,0,0,0,0,0,0,0,0,0,0,0,1,large
360,92.5,122.0,789.7,10.2,18.4,42,2.2,0.0,1.09,1,0,0,0,0,0,0,0,0,0,0,0,0,0,0,0,0,0,1,small
361,92.5,122.0,789.7,10.2,17.3,45,4.0,0.0,3.94,1,0,0,0,0,0,0,0,0,0,0,0,0,0,0,0,0,0,1,small
362,88.2,55.2,732.3,11.6,15.2,64,3.1,0.0,0.52,1,0,0,0,0,0,0,0,0,0,0,0,0,0,0,0,0,0,1,small
363,91.9,111.7,770.3,6.5,15.9,53,2.2,0.0,2.93,0,0,0,0,0,1,0,0,0,0,0,0,0,0,0,0,0,0,1,small
364,91.9,111.7,770.3,6.5,21.1,35,2.7,0.0,5.65,0,0,0,0,0,1,0,0,0,0,0,0,0,0,0,0,0,0,1,small
365,91.9,111.7,770.3,6.5,19.6,45,3.1,0.0,20.03,0,0,0,0,0,1,0,0,0,0,0,0,0,0,0,0,0,0,1,large
366,91.1,132.3,812.1,12.5,15.9,38,5.4,0.0,1.75,0,0,0,0,0,1,0,0,0,0,0,0,0,0,0,0,0,0,1,small
367,91.1,132.3,812.1,12.5,16.4,27,3.6,0.0,0.0,0,0,0,0,0,1,0,0,0,0,0,0,0,0,0,0,0,0,1,small
368,91.2,94.3,744.4,8.4,16.8,47,4.9,0.0,12.64,0,0,1,0,0,0,0,0,0,0,0,0,0,0,0,0,0,0,1,large
369,91.0,276.3,825.1,7.1,13.8,77,7.6,0.0,0.0,0,0,0,1,0,0,0,0,0,0,0,0,0,0,0,0,0,0,1,small
370,91.0,276.3,825.1,7.1,13.8,77,7.6,0.0,11.06,0,0,0,1,0,0,0,0,0,0,0,0,0,0,0,0,0,0,1,large
371,91.9,133.6,520.5,8.0,14.2,58,4.0,0.0,0.0,0,0,0,0,0,0,1,0,0,0,0,0,1,0,0,0,0,0,0,small
372,92.0,203.2,664.5,8.1,10.4,75,0.9,0.0,0.0,0,0,0,1,0,0,0,0,1,0,0,0,0,0,0,0,0,0,0,small
373,94.8,222.4,698.6,13.9,20.3,42,2.7,0.0,0.0,0,0,0,0,1,0,0,0,1,0,0,0,0,0,0,0,0,0,0,small
374,90.3,290.0,855.3,7.4,10.3,78,4.0,0.0,18.3,1,0,0,0,0,0,0,0,0,0,0,0,0,0,0,0,0,0,1,large
375,91.2,94.3,744.4,8.4,15.4,57,4.9,0.0,39.35,0,0,1,0,0,0,0,0,0,0,0,0,0,0,0,0,0,0,1,large
376,92.1,207.0,672.6,8.2,21.1,54,2.2,0.0,0.0,0,1,0,0,0,0,0,0,1,0,0,0,0,0,0,0,0,0,0,small
377,93.7,231.1,715.1,8.4,21.9,42,2.2,0.0,174.63,0,0,1,0,0,0,0,0,1,0,0,0,0,0,0,0,0,0,0,large
378,90.9,18.9,30.6,8.0,8.7,51,5.8,0.0,0.0,0,0,0,0,1,0,0,0,0,0,0,0,0,0,1,0,0,0,0,small
379,18.7,1.1,171.4,0.0,5.2,100,0.9,0.0,0.0,0,0,0,1,0,0,0,0,0,0,0,1,0,0,0,0,0,0,0,small
380,93.7,101.3,458.8,11.9,19.3,39,7.2,0.0,7.73,0,0,0,0,0,0,1,0,0,0,0,0,1,0,0,0,0,0,0,large
381,90.7,194.1,643.0,6.8,16.2,63,2.7,0.0,16.33,0,0,0,0,1,0,0,0,1,0,0,0,0,0,0,0,0,0,0,large
382,95.2,217.7,690.0,18.0,28.2,29,1.8,0.0,5.86,0,0,0,0,0,0,1,0,1,0,0,0,0,0,0,0,0,0,0,small
383,91.6,248.4,753.8,6.3,20.5,58,2.7,0.0,42.87,0,0,0,0,1,0,0,0,1,0,0,0,0,0,0,0,0,0,0,large
384,91.6,273.8,819.1,7.7,21.3,44,4.5,0.0,12.18,0,0,1,0,0,0,0,0,1,0,0,0,0,0,0,0,0,0,0,large
385,91.6,181.3,613.0,7.6,20.9,50,2.2,0.0,16.0,0,0,0,1,0,0,0,0,1,0,0,0,0,0,0,0,0,0,0,large
386,90.5,96.7,750.5,11.4,20.6,55,5.4,0.0,24.59,0,0,0,1,0,0,0,0,0,0,0,0,0,0,0,0,0,0,1,large
387,90.9,18.9,30.6,8.0,11.6,48,5.4,0.0,0.0,0,0,0,0,1,0,0,0,0,0,0,0,0,0,1,0,0,0,0,small
388,94.8,227.0,706.7,12.0,23.3,34,3.1,0.0,28.74,1,0,0,0,0,0,0,0,1,0,0,0,0,0,0,0,0,0,0,large
389,94.8,227.0,706.7,12.0,23.3,34,3.1,0.0,0.0,1,0,0,0,0,0,0,0,1,0,0,0,0,0,0,0,0,0,0,small
390,84.7,9.5,58.3,4.1,7.5,71,6.3,0.0,9.96,0,1,0,0,0,0,0,0,0,0,1,0,0,0,0,0,0,0,0,large
391,91.1,91.3,738.1,7.2,20.7,46,2.7,0.0,30.18,1,0,0,0,0,0,0,0,0,0,0,0,0,0,0,0,0,0,1,large
392,91.0,276.3,825.1,7.1,21.9,43,4.0,0.0,70.76,0,0,0,1,0,0,0,0,0,0,0,0,0,0,0,0,0,0,1,large
393,93.4,15.0,25.6,11.4,15.2,19,7.6,0.0,0.0,0,0,0,0,0,1,0,0,0,0,0,0,0,0,1,0,0,0,0,small
394,84.1,4.6,46.7,2.2,5.3,68,1.8,0.0,0.0,0,1,0,0,0,0,0,0,0,0,1,0,0,0,0,0,0,0,0,small
395,85.0,9.0,56.9,3.5,10.1,62,1.8,0.0,51.78,0,0,0,1,0,0,0,0,0,0,1,0,0,0,0,0,0,0,0,large
396,90.5,96.7,750.5,11.4,20.4,55,4.9,0.0,3.64,0,0,0,1,0,0,0,0,0,0,0,0,0,0,0,0,0,0,1,small
397,91.6,181.3,613.0,7.6,24.3,33,3.6,0.0,3.63,0,0,0,1,0,0,0,0,1,0,0,0,0,0,0,0,0,0,0,small
398,93.7,231.1,715.1,8.4,25.9,32,3.1,0.0,0.0,0,0,1,0,0,0,0,0,1,0,0,0,0,0,0,0,0,0,0,small
399,93.3,49.5,297.7,14.0,28.0,34,4.5,0.0,0.0,0,0,0,0,0,0,1,0,0,0,0,0,0,1,0,0,0,0,0,small
400,93.3,49.5,297.7,14.0,28.0,34,4.5,0.0,8.16,0,0,0,0,0,0,1,0,0,0,0,0,0,1,0,0,0,0,0,large
401,91.1,88.2,731.7,8.3,22.8,46,4.0,0.0,4.95,0,0,0,0,1,0,0,0,0,0,0,0,0,0,0,0,0,0,1,small
402,94.8,227.0,706.7,12.0,25.0,36,4.0,0.0,0.0,1,0,0,0,0,0,0,0,1,0,0,0,0,0,0,0,0,0,0,small
403,90.7,194.1,643.0,6.8,21.3,41,3.6,0.0,0.0,0,0,0,0,1,0,0,0,1,0,0,0,0,0,0,0,0,0,0,small
404,87.9,84.8,725.1,3.7,21.8,34,2.2,0.0,6.04,0,0,0,0,0,0,1,0,0,0,0,0,0,0,0,0,0,0,1,large
405,94.6,212.1,680.9,9.5,27.9,27,2.2,0.0,0.0,0,0,0,0,0,1,0,0,1,0,0,0,0,0,0,0,0,0,0,small
406,87.1,291.3,860.6,4.0,17.0,67,4.9,0.0,3.95,0,0,1,0,0,0,0,0,0,0,0,0,0,0,0,0,0,0,1,small
407,84.7,8.2,55.0,2.9,14.2,46,4.0,0.0,0.0,0,0,1,0,0,0,0,0,0,0,1,0,0,0,0,0,0,0,0,small
408,90.3,290.0,855.3,7.4,19.9,44,3.1,0.0,7.8,1,0,0,0,0,0,0,0,0,0,0,0,0,0,0,0,0,0,1,large
409,92.3,96.2,450.2,12.1,23.4,31,5.4,0.0,0.0,0,0,0,0,0,1,0,0,0,0,0,0,1,0,0,0,0,0,0,small
410,84.1,7.3,52.8,2.7,14.7,42,2.7,0.0,0.0,1,0,0,0,0,0,0,0,0,0,1,0,0,0,0,0,0,0,0,small
411,84.6,3.2,43.6,3.3,8.2,53,9.4,0.0,4.62,1,0,0,0,0,0,0,0,0,0,1,0,0,0,0,0,0,0,0,small
412,92.3,92.1,442.1,9.8,22.8,27,4.5,0.0,1.63,0,1,0,0,0,0,0,0,0,0,0,0,1,0,0,0,0,0,0,small
413,93.7,231.1,715.1,8.4,26.4,33,3.6,0.0,0.0,0,0,1,0,0,0,0,0,1,0,0,0,0,0,0,0,0,0,0,small
414,93.6,235.1,723.1,10.1,24.1,50,4.0,0.0,0.0,0,0,0,1,0,0,0,0,1,0,0,0,0,0,0,0,0,0,0,small
415,94.8,222.4,698.6,13.9,27.5,27,4.9,0.0,746.28,0,0,0,0,1,0,0,0,1,0,0,0,0,0,0,0,0,0,0,large
416,92.7,164.1,575.8,8.9,26.3,39,3.1,0.0,7.02,0,0,0,0,0,1,0,0,0,0,0,0,1,0,0,0,0,0,0,large
417,93.4,17.3,28.3,9.9,13.8,24,5.8,0.0,0.0,0,0,0,0,0,0,1,0,0,0,0,0,0,0,1,0,0,0,0,small
418,92.0,203.2,664.5,8.1,24.9,42,5.4,0.0,2.44,0,0,0,1,0,0,0,0,1,0,0,0,0,0,0,0,0,0,0,small
419,91.6,181.3,613.0,7.6,24.8,36,4.0,0.0,3.05,0,0,0,1,0,0,0,0,1,0,0,0,0,0,0,0,0,0,0,small
420,91.7,191.4,635.9,7.8,26.2,36,4.5,0.0,185.76,0,0,0,0,0,0,1,0,1,0,0,0,0,0,0,0,0,0,0,large
421,95.2,217.7,690.0,18.0,30.8,19,4.5,0.0,0.0,0,0,0,0,0,0,1,0,1,0,0,0,0,0,0,0,0,0,0,small
422,88.9,263.1,795.9,5.2,29.3,27,3.6,0.0,6.3,0,0,0,1,0,0,0,0,0,0,0,0,1,0,0,0,0,0,0,large
423,91.2,94.3,744.4,8.4,22.3,48,4.0,0.0,0.72,0,0,1,0,0,0,0,0,0,0,0,0,0,0,0,0,0,0,1,small
424,93.7,231.1,715.1,8.4,26.9,31,3.6,0.0,4.96,0,0,1,0,0,0,0,0,1,0,0,0,0,0,0,0,0,0,0,small
425,91.6,248.4,753.8,6.3,20.4,56,2.2,0.0,0.0,0,0,0,0,1,0,0,0,1,0,0,0,0,0,0,0,0,0,0,small
426,91.6,248.4,753.8,6.3,20.4,56,2.2,0.0,0.0,0,0,0,0,1,0,0,0,1,0,0,0,0,0,0,0,0,0,0,small
427,92.1,207.0,672.6,8.2,27.9,33,2.2,0.0,2.35,0,1,0,0,0,0,0,0,1,0,0,0,0,0,0,0,0,0,0,small
428,94.8,222.4,698.6,13.9,26.2,34,5.8,0.0,0.0,0,0,0,0,1,0,0,0,1,0,0,0,0,0,0,0,0,0,0,small
429,91.6,181.3,613.0,7.6,24.6,44,4.0,0.0,3.2,0,0,0,1,0,0,0,0,1,0,0,0,0,0,0,0,0,0,0,small
430,89.7,287.2,849.3,6.8,19.4,45,3.6,0.0,0.0,0,0,0,0,1,0,0,0,0,0,0,0,0,0,0,0,0,0,1,small
431,92.1,178.0,605.3,9.6,23.3,40,4.0,0.0,6.36,0,0,1,0,0,0,0,0,1,0,0,0,0,0,0,0,0,0,0,large
432,94.8,222.4,698.6,13.9,23.9,38,6.7,0.0,0.0,0,0,0,0,1,0,0,0,1,0,0,0,0,0,0,0,0,0,0,small
433,93.6,235.1,723.1,10.1,20.9,66,4.9,0.0,15.34,0,0,0,1,0,0,0,0,1,0,0,0,0,0,0,0,0,0,0,large
434,90.6,269.8,811.2,5.5,22.2,45,3.6,0.0,0.0,1,0,0,0,0,0,0,0,1,0,0,0,0,0,0,0,0,0,0,small
435,90.8,84.7,376.6,5.6,23.8,51,1.8,0.0,0.0,0,0,1,0,0,0,0,0,0,0,0,0,1,0,0,0,0,0,0,small
436,92.1,207.0,672.6,8.2,26.8,35,1.3,0.0,0.54,0,1,0,0,0,0,0,0,1,0,0,0,0,0,0,0,0,0,0,small
437,89.4,253.6,768.4,9.7,14.2,73,2.7,0.0,0.0,0,0,1,0,0,0,0,0,1,0,0,0,0,0,0,0,0,0,0,small
438,93.7,231.1,715.1,8.4,23.6,53,4.0,0.0,6.43,0,0,1,0,0,0,0,0,1,0,0,0,0,0,0,0,0,0,0,large
439,91.1,91.3,738.1,7.2,19.1,46,2.2,0.0,0.33,1,0,0,0,0,0,0,0,0,0,0,0,0,0,0,0,0,0,1,small
440,90.3,290.0,855.3,7.4,16.2,58,3.6,0.0,0.0,1,0,0,0,0,0,0,0,0,0,0,0,0,0,0,0,0,0,1,small
441,92.1,207.0,672.6,8.2,25.5,29,1.8,0.0,1.23,0,1,0,0,0,0,0,0,1,0,0,0,0,0,0,0,0,0,0,small
442,87.9,24.9,41.6,3.7,10.9,64,3.1,0.0,3.35,0,1,0,0,0,0,0,1,0,0,0,0,0,0,0,0,0,0,0,small
443,90.7,80.9,368.3,16.8,14.8,78,8.0,0.0,0.0,1,0,0,0,0,0,0,0,0,0,0,0,1,0,0,0,0,0,0,small
444,90.3,290.0,855.3,7.4,16.2,58,3.6,0.0,9.96,1,0,0,0,0,0,0,0,0,0,0,0,0,0,0,0,0,0,1,large
445,94.0,47.9,100.7,10.7,17.3,80,4.5,0.0,0.0,0,0,0,1,0,0,0,0,1,0,0,0,0,0,0,0,0,0,0,small
446,92.0,203.2,664.5,8.1,19.1,70,2.2,0.0,0.0,0,0,0,1,0,0,0,0,1,0,0,0,0,0,0,0,0,0,0,small
447,93.4,17.3,28.3,9.9,8.9,35,8.0,0.0,0.0,0,0,0,0,0,0,1,0,0,0,0,0,0,0,1,0,0,0,0,small
448,89.7,284.9,844.0,10.1,10.5,77,4.0,0.0,0.0,0,0,0,0,0,0,1,0,0,0,0,0,0,0,0,0,0,0,1,small
449,91.6,181.3,613.0,7.6,19.3,61,4.9,0.0,0.0,0,0,0,1,0,0,0,0,1,0,0,0,0,0,0,0,0,0,0,small
450,95.2,217.7,690.0,18.0,23.4,49,5.4,0.0,6.43,0,0,0,0,0,0,1,0,1,0,0,0,0,0,0,0,0,0,0,large
451,90.5,196.8,649.9,16.3,11.8,88,4.9,0.0,9.71,1,0,0,0,0,0,0,0,1,0,0,0,0,0,0,0,0,0,0,large
452,91.5,238.2,730.6,7.5,17.7,65,4.0,0.0,0.0,0,1,0,0,0,0,0,0,1,0,0,0,0,0,0,0,0,0,0,small
453,89.4,266.2,803.3,5.6,17.4,54,3.1,0.0,0.0,0,0,0,0,1,0,0,0,1,0,0,0,0,0,0,0,0,0,0,small
454,91.6,248.4,753.8,6.3,16.8,56,3.1,0.0,0.0,0,0,0,0,1,0,0,0,1,0,0,0,0,0,0,0,0,0,0,small
455,94.6,160.0,567.2,16.7,17.9,48,2.7,0.0,0.0,0,1,0,0,0,0,0,0,0,0,0,0,1,0,0,0,0,0,0,small
456,91.6,248.4,753.8,6.3,16.6,59,2.7,0.0,0.0,0,0,0,0,1,0,0,0,1,0,0,0,0,0,0,0,0,0,0,small
457,91.7,191.4,635.9,7.8,19.9,50,4.0,0.0,82.75,0,0,0,0,0,0,1,0,1,0,0,0,0,0,0,0,0,0,0,large
458,93.7,231.1,715.1,8.4,18.9,64,4.9,0.0,3.32,0,0,1,0,0,0,0,0,1,0,0,0,0,0,0,0,0,0,0,small
459,91.6,273.8,819.1,7.7,15.5,72,8.0,0.0,1.94,0,0,1,0,0,0,0,0,1,0,0,0,0,0,0,0,0,0,0,small
460,93.7,231.1,715.1,8.4,18.9,64,4.9,0.0,0.0,0,0,1,0,0,0,0,0,1,0,0,0,0,0,0,0,0,0,0,small
461,93.7,231.1,715.1,8.4,18.9,64,4.9,0.0,0.0,0,0,1,0,0,0,0,0,1,0,0,0,0,0,0,0,0,0,0,small
462,91.0,276.3,825.1,7.1,14.5,76,7.6,0.0,3.71,0,0,0,1,0,0,0,0,0,0,0,0,0,0,0,0,0,0,1,small
463,75.1,4.4,16.2,1.9,4.6,82,6.3,0.0,5.39,0,0,0,0,0,1,0,0,0,0,1,0,0,0,0,0,0,0,0,small
464,75.1,4.4,16.2,1.9,5.1,77,5.4,0.0,2.14,0,0,0,0,0,1,0,0,0,0,1,0,0,0,0,0,0,0,0,small
465,79.5,3.6,15.3,1.8,4.6,59,0.9,0.0,6.84,0,0,1,0,0,0,0,0,0,0,1,0,0,0,0,0,0,0,0,large
466,87.2,15.1,36.9,7.1,10.2,45,5.8,0.0,3.18,0,1,0,0,0,0,0,0,0,0,0,0,0,0,1,0,0,0,0,small
467,90.2,18.5,41.1,7.3,11.2,41,5.4,0.0,5.55,0,0,0,0,0,0,1,0,0,0,0,0,0,0,1,0,0,0,0,small
468,91.3,20.6,43.5,8.5,13.3,27,3.6,0.0,6.61,0,0,0,0,1,0,0,0,0,0,0,0,0,0,1,0,0,0,0,large
469,91.0,14.6,25.6,12.3,13.7,33,9.4,0.0,61.13,0,0,0,1,0,0,0,1,0,0,0,0,0,0,0,0,0,0,0,large
470,91.0,14.6,25.6,12.3,17.6,27,5.8,0.0,0.0,0,0,0,1,0,0,0,1,0,0,0,0,0,0,0,0,0,0,0,small
471,89.6,25.4,73.7,5.7,18.0,40,4.0,0.0,38.48,1,0,0,0,0,0,0,0,0,0,0,0,0,0,0,1,0,0,0,large
472,88.2,96.2,229.0,4.7,14.3,79,4.0,0.0,1.94,0,1,0,0,0,0,0,0,0,0,0,0,0,1,0,0,0,0,0,small
473,90.5,61.1,252.6,9.4,24.5,50,3.1,0.0,70.32,0,0,1,0,0,0,0,0,0,0,0,0,0,1,0,0,0,0,0,large
474,93.0,103.8,316.7,10.8,26.4,35,2.7,0.0,10.08,0,0,0,0,1,0,0,0,0,0,0,0,0,1,0,0,0,0,0,large
475,93.7,121.7,350.2,18.0,22.7,40,9.4,0.0,3.19,0,0,0,0,1,0,0,0,0,0,0,0,0,1,0,0,0,0,0,small
476,93.5,85.3,395.0,9.9,27.2,28,1.3,0.0,1.76,0,0,0,0,1,0,0,0,0,0,0,0,1,0,0,0,0,0,0,small
477,93.7,101.3,423.4,14.7,26.1,45,4.0,0.0,7.36,0,0,0,1,0,0,0,0,0,0,0,0,1,0,0,0,0,0,0,large
478,93.7,101.3,423.4,14.7,18.2,82,4.5,0.0,2.21,0,0,0,1,0,0,0,0,0,0,0,0,1,0,0,0,0,0,0,small
479,89.2,103.9,431.6,6.4,22.6,57,4.9,0.0,278.53,0,1,0,0,0,0,0,0,0,0,0,0,1,0,0,0,0,0,0,large
480,93.2,114.4,560.0,9.5,30.2,25,4.5,0.0,2.75,0,0,0,0,1,0,0,0,0,0,0,0,1,0,0,0,0,0,0,small
481,93.2,114.4,560.0,9.5,30.2,22,4.9,0.0,0.0,0,0,0,0,1,0,0,0,0,0,0,0,1,0,0,0,0,0,0,small
482,94.9,130.3,587.1,14.1,23.4,40,5.8,0.0,1.29,0,0,0,1,0,0,0,0,1,0,0,0,0,0,0,0,0,0,0,small
483,94.9,130.3,587.1,14.1,31.0,27,5.4,0.0,0.0,0,0,0,1,0,0,0,0,1,0,0,0,0,0,0,0,0,0,0,small
484,94.9,130.3,587.1,14.1,33.1,25,4.0,0.0,26.43,0,0,0,1,0,0,0,0,1,0,0,0,0,0,0,0,0,0,0,large
485,95.0,135.5,596.3,21.3,30.6,28,3.6,0.0,2.07,0,1,0,0,0,0,0,0,1,0,0,0,0,0,0,0,0,0,0,small
486,95.1,141.3,605.8,17.7,24.1,43,6.3,0.0,2.0,0,0,0,0,0,1,0,0,1,0,0,0,0,0,0,0,0,0,0,small
487,95.1,141.3,605.8,17.7,26.4,34,3.6,0.0,16.4,0,0,0,0,0,1,0,0,1,0,0,0,0,0,0,0,0,0,0,large
488,95.1,141.3,605.8,17.7,19.4,71,7.6,0.0,46.7,0,0,0,0,0,1,0,0,1,0,0,0,0,0,0,0,0,0,0,large
489,95.1,141.3,605.8,17.7,20.6,58,1.3,0.0,0.0,0,0,0,0,0,0,1,0,1,0,0,0,0,0,0,0,0,0,0,small
490,95.1,141.3,605.8,17.7,28.7,33,4.0,0.0,0.0,0,0,0,0,0,0,1,0,1,0,0,0,0,0,0,0,0,0,0,small
491,95.8,152.0,624.1,13.8,32.4,21,4.5,0.0,0.0,0,0,0,0,1,0,0,0,1,0,0,0,0,0,0,0,0,0,0,small
492,95.9,158.0,633.6,11.3,32.4,27,2.2,0.0,0.0,1,0,0,0,0,0,0,0,1,0,0,0,0,0,0,0,0,0,0,small
493,95.9,158.0,633.6,11.3,27.5,29,4.5,0.0,43.32,1,0,0,0,0,0,0,0,1,0,0,0,0,0,0,0,0,0,0,large
494,96.0,164.0,643.0,14.0,30.8,30,4.9,0.0,8.59,0,0,1,0,0,0,0,0,1,0,0,0,0,0,0,0,0,0,0,large
495,96.2,175.5,661.8,16.8,23.9,42,2.2,0.0,0.0,0,1,0,0,0,0,0,0,1,0,0,0,0,0,0,0,0,0,0,small
496,96.2,175.5,661.8,16.8,32.6,26,3.1,0.0,2.77,0,1,0,0,0,0,0,0,1,0,0,0,0,0,0,0,0,0,0,small
497,96.1,181.1,671.2,14.3,32.3,27,2.2,0.0,14.68,0,0,0,0,0,1,0,0,1,0,0,0,0,0,0,0,0,0,0,large
498,96.1,181.1,671.2,14.3,33.3,26,2.7,0.0,40.54,0,0,0,0,0,1,0,0,1,0,0,0,0,0,0,0,0,0,0,large
499,96.1,181.1,671.2,14.3,27.3,63,4.9,6.4,10.82,0,0,0,0,0,1,0,0,1,0,0,0,0,0,0,0,0,0,0,large
500,96.1,181.1,671.2,14.3,21.6,65,4.9,0.8,0.0,0,0,0,0,0,1,0,0,1,0,0,0,0,0,0,0,0,0,0,small
501,96.1,181.1,671.2,14.3,21.6,65,4.9,0.8,0.0,0,0,0,0,0,1,0,0,1,0,0,0,0,0,0,0,0,0,0,small
502,96.1,181.1,671.2,14.3,20.7,69,4.9,0.4,0.0,0,0,0,0,0,1,0,0,1,0,0,0,0,0,0,0,0,0,0,small
503,94.5,139.4,689.1,20.0,29.2,30,4.9,0.0,1.95,0,0,0,0,0,0,1,0,1,0,0,0,0,0,0,0,0,0,0,small
504,94.5,139.4,689.1,20.0,28.9,29,4.9,0.0,49.59,0,0,0,0,0,0,1,0,1,0,0,0,0,0,0,0,0,0,0,large
505,91.0,163.2,744.4,10.1,26.7,35,1.8,0.0,5.8,0,0,0,0,1,0,0,0,1,0,0,0,0,0,0,0,0,0,0,small
506,91.0,166.9,752.6,7.1,18.5,73,8.5,0.0,0.0,1,0,0,0,0,0,0,0,1,0,0,0,0,0,0,0,0,0,0,small
507,91.0,166.9,752.6,7.1,25.9,41,3.6,0.0,0.0,1,0,0,0,0,0,0,0,1,0,0,0,0,0,0,0,0,0,0,small
508,91.0,166.9,752.6,7.1,25.9,41,3.6,0.0,0.0,1,0,0,0,0,0,0,0,1,0,0,0,0,0,0,0,0,0,0,small
509,91.0,166.9,752.6,7.1,21.1,71,7.6,1.4,2.17,1,0,0,0,0,0,0,0,1,0,0,0,0,0,0,0,0,0,0,small
510,91.0,166.9,752.6,7.1,18.2,62,5.4,0.0,0.43,1,0,0,0,0,0,0,0,1,0,0,0,0,0,0,0,0,0,0,small
511,81.6,56.7,665.6,1.9,27.8,35,2.7,0.0,0.0,0,0,0,1,0,0,0,0,1,0,0,0,0,0,0,0,0,0,0,small
512,81.6,56.7,665.6,1.9,27.8,32,2.7,0.0,6.44,0,0,0,1,0,0,0,0,1,0,0,0,0,0,0,0,0,0,0,large
513,81.6,56.7,665.6,1.9,21.9,71,5.8,0.0,54.29,0,0,0,1,0,0,0,0,1,0,0,0,0,0,0,0,0,0,0,large
514,81.6,56.7,665.6,1.9,21.2,70,6.7,0.0,11.16,0,0,0,1,0,0,0,0,1,0,0,0,0,0,0,0,0,0,0,large
515,94.4,146.0,614.7,11.3,25.6,42,4.0,0.0,0.0,0,0,1,0,0,0,0,0,1,0,0,0,0,0,0,0,0,0,0,small
516,79.5,3.0,106.7,1.1,11.8,31,4.5,0.0,0.0,0,0,0,0,0,1,0,0,0,0,0,0,0,0,0,0,1,0,0,small
